TB6090-SB06B	https://products.tomeiusa.com/22982/full-titanium-muffler-kit-expreme-ti-wrx-2022-type-d.jpg
TB6090-SB06A	https://products.tomeiusa.com/22961/full-titanium-muffler-kit-expreme-ti-wrx-2022-type-r.jpg
TB6090-NS21D	https://products.tomeiusa.com/22675/full-titanium-muffler-kit-expreme-ti-400z-rz34-type-d.jpg
TB6090-NS21C	https://products.tomeiusa.com/22686/full-titanium-muffler-kit-expreme-ti-400z-rz34-type-r.jpg
TB6090-MZ01A	https://products.tomeiusa.com/22900/full-titanium-muffler-kit-expreme-ti-na-mx-5-miata.jpg
TB101A-NS10A	https://products.tomeiusa.com/23865/timing-belt-vg30dett-vg30det-vg20det.jpg
TB101A-MZ01A	https://products.tomeiusa.com/23861/timing-belt-b6-ze-bp-ze-bp-ve.jpg
TB101A-MT01A	https://products.tomeiusa.com/23856/timing-belt-4g63.jpg
TA310A-SB01A	https://products.tomeiusa.com/19306/berylium-valve-seat-ring-set-ej205-ej207-ej255-ej257.jpg
TA310A-NS08A	https://products.tomeiusa.com/19304/berylium-valve-seat-ring-set-sr20det.jpg
TA308F-NS295	https://products.tomeiusa.com/19258/solid-pivot-shim-guide-guide-sr20det-295mm-1pc.jpg
TA301F-MT01G	https://products.tomeiusa.com/24477/camshaft-procam-4g63-evo4-6-ex-282-1150.jpg
TA301F-MT01F	https://products.tomeiusa.com/24476/camshaft-poncam-4g63-evo4-6-ex-272-1020.jpg
TA301F-MT01E	https://products.tomeiusa.com/24475/camshaft-procam-4g63-evo1-3eclipse-ex-282-1150.jpg
TA301D-MT01E	https://products.tomeiusa.com/24472/camshaft-procam-4g63-evo1-3eclipse-in-282-1150.jpg
TA301B-MT01G	https://products.tomeiusa.com/24469/camshaft-set-procam-4g63-evo4-6-282-1150.jpg
TA301B-MT01F	https://products.tomeiusa.com/24468/camshaft-set-poncam-4g63-evo4-6-272-10701020.jpg
TA301B-MT01E	https://products.tomeiusa.com/24467/camshaft-set-procam-4g63-evo1-3eclipse-282-1150.jpg
TA203A-NS03A	https://products.tomeiusa.com/22915/forged-h-beam-con-rod-set-vq35hr-15180mm-std.jpg
TA202A-TY02AP	https://products.tomeiusa.com/22564/forged-piston-kit-4a-g-20v-8200mm-ch2770-18-cp.jpg
TA202A-NS08B	https://products.tomeiusa.com/22643/forged-piston-kit-sr20det-8700mm-ch3200-std.jpg
TA201A-TY03D	https://products.tomeiusa.com/23278/stroker-kit-2jz-gte-36-8650.jpg
TA201A-TY03C	https://products.tomeiusa.com/23237/stroker-kit-2jz-gte-34-8650.jpg
TA201A-TY02AP	https://products.tomeiusa.com/22548/stroker-kit-4a-g-20v-18-cp-piston.jpg
TA201A-NS08B	https://products.tomeiusa.com/23234/stroker-kit-sr20det-22-8650.jpg
TA201A-NS05F	https://products.tomeiusa.com/23273/stroker-kit-rb26dett-rb25det-26-full-counter-8650.jpg
TA201A-NS05E	https://products.tomeiusa.com/17372/stroker-kit-rb26dett-rb25det-28-full-counter-tomei-piston.jpg
TA201A-NS05D	https://products.tomeiusa.com/23220/stroker-kit-rb26dett-rb25det-28-8-counter-8650.jpg
TA201A-MT02B	https://products.tomeiusa.com/23214/stroker-kit-4b11-evo10-23-8650.jpg
TA201A-MT01D	https://products.tomeiusa.com/22844/stroker-kit-4g63-evo1-9-23-tomei-piston.jpg
TA201A-MT01C	https://products.tomeiusa.com/23205/stroker-kit-4g63-evo1-9-22-8550.jpg
TA201A-MT01BP	https://products.tomeiusa.com/22848/stroker-kit-4g63-evo1-9-23-cp-piston.jpg
